{
    "Robot": {
        "body_BOTTOM_LB": [
            -0.5,
            -0.2187499850988388,
            0.5
        ],
        "body_BOTTOM_LT": [
            -0.5,
            -0.2187500149011612,
            -0.5
        ],
        "body_BOTTOM_RB": [
            0.5,
            -0.2187499850988388,
            0.5
        ],
        "body_BOTTOM_RT": [
            0.5,
            -0.2187500149011612,
            -0.5
        ],
        "body_LOCAL": [
            0.0,
            0.699999988079071,
            0.0
        ],
        "body_TEX_BOTTOM_LB": [
            -0.5,
            0.5
        ],
        "body_TEX_BOTTOM_LT": [
            -0.5,
            -0.5
        ],
        "body_TEX_BOTTOM_RB": [
            0.5,
            0.5
        ],
        "body_TEX_BOTTOM_RT": [
            0.5,
            -0.5
        ],
        "body_TEX_TOP_LB": [
            -0.5,
            0.5
        ],
        "body_TEX_TOP_LT": [
            -0.5,
            -0.5
        ],
        "body_TEX_TOP_RB": [
            0.5,
            0.5
        ],
        "body_TEX_TOP_RT": [
            0.5,
            -0.5
        ],
        "body_TOP_LB": [
            -0.5,
            0.2187500149011612,
            -0.5
        ],
        "body_TOP_LT": [
            -0.5,
            0.2187499850988388,
            0.5
        ],
        "body_TOP_RB": [
            0.5,
            0.2187500149011612,
            -0.5
        ],
        "body_TOP_RT": [
            0.5,
            0.2187499850988388,
            0.5
        ],
        "body_TargetDir": [
            0.0,
            0.0,
            1.0
        ],
        "footL_0_BOTTOM_LB": [
            -0.03750000149011612,
            -0.01749998889863491,
            0.25
        ],
        "footL_0_BOTTOM_LT": [
            -0.03750000149011612,
            -0.0175000112503767,
            -0.25
        ],
        "footL_0_BOTTOM_RB": [
            0.03750000149011612,
            -0.01749998889863491,
            0.25
        ],
        "footL_0_BOTTOM_RT": [
            0.03750000149011612,
            -0.0175000112503767,
            -0.25
        ],
        "footL_0_LOCAL": [
            0.0,
            -0.20000000298023224,
            0.0
        ],
        "footL_0_TEX_BOTTOM_LB": [
            -0.5,
            0.5
        ],
        "footL_0_TEX_BOTTOM_LT": [
            -0.5,
            -0.5
        ],
        "footL_0_TEX_BOTTOM_RB": [
            0.5,
            0.5
        ],
        "footL_0_TEX_BOTTOM_RT": [
            0.5,
            -0.5
        ],
        "footL_0_TEX_TOP_LB": [
            -0.5,
            0.5
        ],
        "footL_0_TEX_TOP_LT": [
            -0.5,
            -0.5
        ],
        "footL_0_TEX_TOP_RB": [
            0.5,
            0.5
        ],
        "footL_0_TEX_TOP_RT": [
            0.5,
            -0.5
        ],
        "footL_0_TOP_LB": [
            -0.03750000149011612,
            0.0175000112503767,
            -0.25
        ],
        "footL_0_TOP_LT": [
            -0.03750000149011612,
            0.01749998889863491,
            0.25
        ],
        "footL_0_TOP_RB": [
            0.03750000149011612,
            0.0175000112503767,
            -0.25
        ],
        "footL_0_TOP_RT": [
            0.03750000149011612,
            0.01749998889863491,
            0.25
        ],
        "footL_0_TargetDir": [
            0.0,
            0.0,
            1.0
        ],
        "footL_1_BOTTOM_LB": [
            -0.02500000037252903,
            -0.017499979585409164,
            0.44999998807907104
        ],
        "footL_1_BOTTOM_LT": [
            -0.02500000037252903,
            -0.017500020563602448,
            -0.44999998807907104
        ],
        "footL_1_BOTTOM_RB": [
            0.02500000037252903,
            -0.017499979585409164,
            0.44999998807907104
        ],
        "footL_1_BOTTOM_RT": [
            0.02500000037252903,
            -0.017500020563602448,
            -0.44999998807907104
        ],
        "footL_1_LOCAL": [
            0.05999999865889549,
            0.0,
            0.0
        ],
        "footL_1_TEX_BOTTOM_LB": [
            -0.5,
            0.5
        ],
        "footL_1_TEX_BOTTOM_LT": [
            -0.5,
            -0.5
        ],
        "footL_1_TEX_BOTTOM_RB": [
            0.5,
            0.5
        ],
        "footL_1_TEX_BOTTOM_RT": [
            0.5,
            -0.5
        ],
        "footL_1_TEX_TOP_LB": [
            -0.5,
            0.5
        ],
        "footL_1_TEX_TOP_LT": [
            -0.5,
            -0.5
        ],
        "footL_1_TEX_TOP_RB": [
            0.5,
            0.5
        ],
        "footL_1_TEX_TOP_RT": [
            0.5,
            -0.5
        ],
        "footL_1_TOP_LB": [
            -0.02500000037252903,
            0.017500020563602448,
            -0.44999998807907104
        ],
        "footL_1_TOP_LT": [
            -0.02500000037252903,
            0.017499979585409164,
            0.44999998807907104
        ],
        "footL_1_TOP_RB": [
            0.02500000037252903,
            0.017500020563602448,
            -0.44999998807907104
        ],
        "footL_1_TOP_RT": [
            0.02500000037252903,
            0.017499979585409164,
            0.44999998807907104
        ],
        "footL_1_TargetDir": [
            0.0,
            0.0,
            1.0
        ],
        "footL_2_BOTTOM_LB": [
            -0.02500000037252903,
            -0.017499979585409164,
            0.44999998807907104
        ],
        "footL_2_BOTTOM_LT": [
            -0.02500000037252903,
            -0.017500020563602448,
            -0.44999998807907104
        ],
        "footL_2_BOTTOM_RB": [
            0.02500000037252903,
            -0.017499979585409164,
            0.44999998807907104
        ],
        "footL_2_BOTTOM_RT": [
            0.02500000037252903,
            -0.017500020563602448,
            -0.44999998807907104
        ],
        "footL_2_LOCAL": [
            -0.05999999865889549,
            0.0,
            0.0
        ],
        "footL_2_TEX_BOTTOM_LB": [
            -0.5,
            0.5
        ],
        "footL_2_TEX_BOTTOM_LT": [
            -0.5,
            -0.5
        ],
        "footL_2_TEX_BOTTOM_RB": [
            0.5,
            0.5
        ],
        "footL_2_TEX_BOTTOM_RT": [
            0.5,
            -0.5
        ],
        "footL_2_TEX_TOP_LB": [
            -0.5,
            0.5
        ],
        "footL_2_TEX_TOP_LT": [
            -0.5,
            -0.5
        ],
        "footL_2_TEX_TOP_RB": [
            0.5,
            0.5
        ],
        "footL_2_TEX_TOP_RT": [
            0.5,
            -0.5
        ],
        "footL_2_TOP_LB": [
            -0.02500000037252903,
            0.017500020563602448,
            -0.44999998807907104
        ],
        "footL_2_TOP_LT": [
            -0.02500000037252903,
            0.017499979585409164,
            0.44999998807907104
        ],
        "footL_2_TOP_RB": [
            0.02500000037252903,
            0.017500020563602448,
            -0.44999998807907104
        ],
        "footL_2_TOP_RT": [
            0.02500000037252903,
            0.017499979585409164,
            0.44999998807907104
        ],
        "footL_2_TargetDir": [
            0.0,
            0.0,
            1.0
        ],
        "footR_0_BOTTOM_LB": [
            -0.03750000149011612,
            -0.01749998889863491,
            0.25
        ],
        "footR_0_BOTTOM_LT": [
            -0.03750000149011612,
            -0.0175000112503767,
            -0.25
        ],
        "footR_0_BOTTOM_RB": [
            0.03750000149011612,
            -0.01749998889863491,
            0.25
        ],
        "footR_0_BOTTOM_RT": [
            0.03750000149011612,
            -0.0175000112503767,
            -0.25
        ],
        "footR_0_LOCAL": [
            0.0,
            -0.20000000298023224,
            0.0
        ],